{"cameraMode":{"drawMode":0,"name":"Shaded","section":"Shading Mode"},"sceneLighting":false,"audioPlay":false,"sceneViewState":{"m_AlwaysRefresh":true,"showFog":true,"showSkybox":true,"showFlares":true,"showImageEffects":true,"showParticleSystems":true,"showVisualEffectGraphs":true,"m_FxEnabled":true},"in2DMode":false,"pivot":{"x":-18.899810791015626,"y":-3.9253110885620119,"z":28.27412986755371},"rotation":{"x":-0.21474339067935944,"y":0.18715396523475648,"z":-0.040401361882686618,"w":-0.9577046036720276},"size":9.323071479797364,"orthographic":false}